id,short_name,full_name,synonyms
ECOLI,Ecol,Escherichia coli,E. coli
STAPHAUR,Saur,Staphylococcus aureus,S. aureus
KLEBPN,Kpn,Klebsiella pneumoniae,K. pneumoniae
PSEAER,Paer,Pseudomonas aeruginosa,P. aeruginosa
STRPNE,Spn,Streptococcus pneumoniae,S. pneumoniae
ENTFAE,Efs,Enterococcus faecalis,E. faecalis
